Country,Year,Emission Value,Industry Value Added (% of GDP),GDP (US$),GDP per Capita (US$),Renewable Energy Consumption (%),Forest Area (%),Log GDP (US$),Log GDP per Capita (US$)
Argentina,2020,8.295901,22.4088763711802,385740508436.965,8500.83793850534,9.8,10.4407148781923,26.67843072240923,9.047920018620248
Argentina,2019,7.343352,23.1578477391434,447754683615.225,9963.67416171662,10.7,10.4801786099266,26.827511338168033,9.206701174293432
Argentina,2018,8.266537,23.7195923321304,524819892360.176,11795.1627452798,10.5,10.5203731515078,26.986320978507653,9.375444789565984
Argentina,2017,8.367887,21.782123219335,643628393281.364,14613.0356486571,10.4,10.5598368832422,27.190387367439218,9.589669261988346
Argentina,2016,8.292151,22.0541072112108,557532320662.955,12790.2641396135,9.4,10.6003968297469,27.04678631288357,9.45643954640135
Argentina,2015,8.497741,23.153056135905,594749285413.212,13789.060424772,9.4,10.6321870580884,27.11140578463773,9.531630833931784
Argentina,2014,8.967163,24.2773944936602,526319673731.638,12334.7982453893,9.8,10.7138185179907,26.989174609819035,9.42017967255805
Argentina,2013,9.746111,24.0058814423072,552025140252.246,13080.2547323367,8.9,10.795449977893,27.03685942612164,9.478859099770844
Australia,2021,20.5261,25.4175760363943,1559033756285.13,60697.2454358579,12.3,17.4213145571644,28.075087358293914,11.013653596048496
Australia,2020,20.88365,25.3862495074569,1330381544909.3,51868.2475567823,11.2,17.4213145571644,27.91648689289285,10.856462081480364
Australia,2019,21.87073,25.2735069295943,1394671325960.57,55049.571919719,10.3,17.4213145571644,27.96367989481139,10.915989365912035
Australia,2018,22.43116,24.1279611911557,1429733668185.91,57273.5204750079,9.8,17.4213145571644,27.988509296830582,10.95559367503707
Australia,2017,22.70049,23.4765922956863,1326882104817.0,53954.553494614,9.9,17.4229136169693,27.913853023938444,10.89589736924907
Australia,2016,22.80149,22.3232240423983,1207580901578.72,49918.7939327254,9.6,17.4254877132405,27.819640219465825,10.818152842749956
Australia,2015,22.81407,23.6829066683572,1351768945139.11,56758.8692027821,9.4,17.3248245968004,27.93243518037875,10.94656720864392
Australia,2014,22.75086,25.5661235423003,1468597690006.22,62558.2438786332,9.3,17.232446012262,28.015329109040323,11.04385330383148
Australia,2013,23.4571,25.1869822985538,1577301840200.01,68198.4193446869,9.2,17.1400674277235,28.0867368071164,11.130176666798846
Austria,2021,8.642082,26.0704865756319,479295362747.047,53517.8904509612,36.0,47.2944740668929,26.895582868012088,10.887771277937107
Austria,2020,8.302271,25.4887323181175,435049316955.737,48789.4978498872,35.8,47.2509694619486,26.79872523392098,10.79527036068656
Austria,2019,9.017969,25.2045293333185,444596155845.254,50067.5857265892,34.0,47.2074648570044,26.820432192117163,10.821129086198399
Austria,2018,8.928045,25.3664293905671,454991174096.102,51466.5565633634,34.1,47.1639602520601,26.84354385811824,10.848687488589528
Austria,2017,9.345613,25.4118677707583,417261151844.977,47429.1584564387,34.0,47.1204556471159,26.756978126141327,10.766992475860304
Austria,2016,9.137873,25.476804975952,395837353031.499,45307.5878620429,34.6,47.0769510421716,26.704269239162482,10.721229799917506
Austria,2015,9.147052,25.174913250307,381971148530.543,44195.8175947748,34.8,47.0333252544838,26.668610915293694,10.696385439035998
Austria,2014,8.979626,25.3646396008814,442584815286.034,51786.3771747905,35.7,46.9897237033446,26.81589795599027,10.85488240475627
Austria,2013,9.473601,25.5249417894219,430190979705.962,50731.1272541847,34.6,46.9461221522055,26.78749508588463,10.834294950975888
Belarus,2021,9.603943,32.1445734089406,69673747131.87,7489.71894713888,8.2,43.2722345405272,24.9670894285506,8.921286552060753
Belarus,2020,9.335965,31.3516473974927,61371755326.2351,6542.8645398436,8.4,43.1944033894965,24.84021555528863,8.786130351590106
Belarus,2019,9.5402,31.7370780512425,64410122847.3508,6837.76832136779,7.8,43.1261547557461,24.888536644774792,8.83021668857347
Belarus,2018,9.509742,31.265533028123,60031173807.7196,6360.05310087258,7.2,43.0515321706572,24.818129827704144,8.757792005493116
Belarus,2017,9.193322,31.5542610734955,54725302249.8088,5785.53397723676,7.3,42.9784026641969,24.725592003406486,8.663115939125483
Belarus,2016,9.019605,30.9587252103761,47723545321.259,5039.77560949445,6.7,42.9069698701401,24.58869072565909,8.525116838148579
Belarus,2015,9.103291,32.6926926926927,56454889146.6088,5967.06856034227,6.8,42.5341662643242,24.756707734006138,8.694011057374336
Belarus,2014,9.632134,35.3789448863848,78812805039.0743,8341.29014337961,6.7,42.5317653086864,25.090341321104336,9.028973176839788
Belarus,2013,9.746681,35.9038510426226,75527558966.4473,7998.0802045456,7.0,42.5419401896426,25.04776344602115,8.986956817431702
Belgium,2021,9.53861,19.3297972763911,600904461226.347,51863.8311565054,11.7,22.7642007926024,27.121701792499618,10.856376931344855
Belgium,2020,9.33528,19.3906567836726,526021513474.243,45587.968308319,12.3,22.7642007926024,26.98860794898888,10.727399107799439
Belgium,2019,10.1797,19.2593657257244,535865804349.803,46641.7214017087,10.2,22.7642007926024,27.007149601651637,10.750250728613192
Belgium,2018,10.32729,18.9339307746014,543299066998.902,47544.9811472757,10.7,22.7642007926024,27.020925773217122,10.76943151344966
Belgium,2017,10.3123,19.2353624906499,502764720556.354,44198.4823908691,9.7,22.7642007926024,26.94338814524283,10.696445732428117
Belgium,2016,10.40533,19.2882202670028,476062757356.927,42012.6227191016,9.2,22.7642007926024,26.888815525674104,10.645725393043117
Belgium,2015,10.59825,19.6698883181098,462335574841.484,41008.296719472,9.4,22.7642007926024,26.859556816832608,10.621529684226134
Belgium,2014,10.27507,19.6748264840511,535390200131.018,47764.0715120833,9.1,22.767965653897,27.006261664038135,10.774028993848438
Belgium,2013,10.83721,19.8791997556506,521791015247.06,46757.9518559598,8.3,22.7717305151915,26.98053299073318,10.75273961342824
Brazil,2016,4.94599,18.3547582787182,1795693482652.52,8680.73646873878,45.4,60.0710325503043,28.2164124045688,9.068861650684015
Brazil,2015,5.119418,19.3600439808819,1802212206904.68,8783.2154236384,43.7,60.2867145082518,28.2200360300596,9.0805978409576
Brazil,2014,5.269234,20.4724627471447,2456043727198.85,12071.4044637296,41.7,60.4708679203746,28.52957293028901,9.398594667200468
Brazil,2013,5.15482,21.2248099498483,2472819535742.73,12258.5657091866,42.3,60.6550213324974,28.53638012798494,9.413980213183644
Bulgaria,2021,7.86577,20.8511415758781,84041493015.6618,12219.3418706779,20.4,35.9801031687546,25.1545764783016,9.410775374538591
Bulgaria,2020,6.925806,21.8248516452383,70368758395.141,10148.3423954435,21.1,35.8603537214444,24.977015228817827,9.22506566033953
Bulgaria,2019,7.742674,21.6948207439409,68881010245.5498,9874.33632625168,19.3,35.7406042741341,24.95564636370557,9.197694380042615
Bulgaria,2018,7.874849,22.4146293879222,66370132238.3914,9447.65589681469,19.6,35.6208548268239,24.9185129765445,9.153521936470371
Bulgaria,2017,8.434388,23.9892951281784,59309748166.1179,8381.88134621669,17.1,35.5011053795136,24.806039516726962,9.033827672600605
Bulgaria,2016,8.11972,24.4597736962039,53964253211.84,7570.93165511708,17.7,35.3813559322034,24.711587686748278,8.932071410868938
Bulgaria,2015,8.431756,24.0301394911987,50811995688.6771,7078.86032298969,17.9,35.3076639646279,24.651398299259103,8.86486820240135
Bulgaria,2014,7.937915,23.4443018802846,57157782909.9307,7912.27484371138,17.1,35.1308032424466,24.769081401815846,8.976170610276485
Bulgaria,2013,7.48614,23.5074812631202,55852123989.9504,7687.71368243317,18.2,34.9539425202653,24.745973391997225,8.947378707817338
Canada,2020,17.33327,22.4516173195,1655684730000.19,43537.839298904,23.9,38.6955125094946,28.135235773332294,10.68138570790037
Canada,2019,19.24616,24.0774078769413,1743725183672.52,46352.8693445211,22.4,38.6996371683291,28.187044850829164,10.744038475108562
Canada,2018,19.54982,24.6223059554353,1725329192783.02,46539.1761570405,22.3,38.7037629425392,28.176438984600875,10.748049734874089
Canada,2017,19.4891,24.0278028870792,1649265644244.09,45129.628116623,22.8,38.7078876013737,28.131351240676125,10.717294252517275
Canada,2016,19.52196,23.2953005455848,1527994741907.43,42314.0615817218,22.1,38.7120133755838,28.054977365506897,10.652874734893194
Canada,2015,20.24816,24.4156825468916,1556508816217.14,43594.1941045394,22.3,38.7164380704449,28.073466490941257,10.682679257730259
Canada,2014,20.32301,27.1379424601872,1805749878439.94,50960.8431174661,22.2,38.7210445715229,28.221997066559044,10.838812834800432
Canada,2013,20.61104,26.6132351758366,1846597421834.98,52638.1187235237,22.2,38.7256510726009,28.24436583011532,10.871195826825678
Chile,2020,5.424516,29.8295676046618,254042159309.311,13162.5913519707,26.7,24.4921536665537,26.26076607172426,9.485134096738808
Chile,2019,5.810716,27.1184422429165,278285058719.466,14616.2072513761,25.3,24.3268615204188,26.35191181635993,9.58988627771758
Chile,2018,5.837472,27.8615227738238,295857562991.709,15820.0333659534,25.5,24.161529026323,26.413143969344564,9.669032350418878
Chile,2017,5.864786,27.3811560666543,276154259987.103,15034.0584350711,24.1,23.9961965322273,26.344225459526616,9.618073468591048
Chile,2016,5.919778,26.77956504765,249344863933.461,13788.2400083224,24.6,23.8308640381315,26.242102770905916,9.531571334529236
Chile,2015,5.733492,27.880640410938,242450355827.827,13567.3572174332,25.1,23.6655315440358,26.214062808130546,9.51542198201509
Chile,2014,5.441797,28.9028670648555,259560978231.552,14675.1508630779,27.0,23.4312928024618,26.282257495499305,9.593910924921337
Chile,2013,5.702858,29.4304373082736,277395018837.366,15842.159166151,30.2,23.1970540608878,26.348708388059453,9.670429967073298
Colombia,2018,3.744983,26.8954667535947,334198218098.276,6782.03792028237,30.4,53.6642451554754,26.53500012125111,8.8220329139826
Colombia,2017,3.606883,26.8148589146208,311866875156.879,6449.97098770131,32.2,53.8438666065795,26.465842251511656,8.771830911748898
Colombia,2016,3.75034,27.689162311787,282720100286.228,5936.26102166829,30.5,54.0419017575485,26.36772320023699,8.688834756533462
Colombia,2015,3.68436,28.5894478881361,293492370193.166,6228.65162110371,31.1,54.1997836863452,26.405117479941964,8.736915155146773
Colombia,2014,3.615734,30.9858527230854,381240864422.406,8167.47284156277,32.1,54.3211230283912,26.666697202410198,9.007914818286075
Colombia,2013,3.57997,32.7475552904172,382093697077.685,8263.64192942212,32.0,54.4424623704371,26.668931695784764,9.019620680894402
Costa Rica,2017,2.926252,19.3145397057383,60516044657.2254,12118.1336248174,33.3,58.4757148452801,24.826174367769525,9.40245825641372
Costa Rica,2016,2.910707,19.6500112824728,58847019609.6549,11899.8139833748,34.1,58.1551116333725,24.798207025524118,9.38427804732827
Costa Rica,2015,2.815187,19.9678784675788,56441920821.0806,11529.9551730192,38.3,57.8345084214649,24.756477996326414,9.352703725399449
Costa Rica,2014,2.901689,20.6164054188293,52016408951.8225,10737.6788811529,37.6,57.5139835487662,24.674825062516092,9.281514225632476
Costa Rica,2013,2.914333,21.3449724796488,50949668840.8692,10633.2665504623,37.8,57.1934586760674,24.65410409690549,9.271742719564317
Croatia,2021,6.620744,20.0414841181808,69602166351.4771,17943.415126673,34.1,34.6963902787706,24.966061529542003,9.794978481301527
Croatia,2020,6.244632,20.5061757532778,58221300897.8838,14383.8695000306,32.4,34.6517155110793,24.78751711953304,9.573862684091727
Croatia,2019,6.474556,19.7575686238913,61867157679.3215,15218.5258037621,31.6,34.6045672217854,24.84825530522587,9.630268767576176
Croatia,2018,6.431255,19.6874389811227,61861145806.2687,15132.9554012394,32.8,34.5598956472018,24.848158126603224,9.624630121563104
Croatia,2017,6.642339,20.0644357329194,56322449844.1579,13655.4798216229,29.8,34.5151954828104,24.75435904650353,9.521896172186304
Croatia,2016,6.354809,20.454941337694,52740059263.4245,12634.3195701712,31.8,34.3813916088914,24.688641141561185,9.444172165595862
Croatia,2015,6.261584,20.4868947526399,51011170111.8487,12135.1036186683,33.1,34.3435065399185,24.65531046748992,9.403857656951464
Croatia,2014,6.093756,20.7204258720464,59489433514.5849,14035.8597369389,33.6,34.3363590879851,24.80906454573721,9.549370743559622
Croatia,2013,6.228338,20.5462155581653,59589170667.5698,14002.2381023542,32.8,34.3292116360517,24.810739694299674,9.546972460274308
Cyprus,2021,9.691234,11.9130659432926,29482912835.3642,32745.83984375,15.6,18.6699134199134,24.10707670655619,10.396531205322944
Cyprus,2020,9.55544,13.0444089859872,25227189744.9083,28281.412109375,15.0,18.6720779220779,23.9511882079381,10.249960051910108
Cyprus,2019,10.08659,12.9529274427744,25947020102.4332,29419.9921875,12.0,18.6742424242424,23.979322607688403,10.289429728604748
Cyprus,2018,10.16709,12.1691092934079,25597301190.9231,29419.88671875,12.0,18.6764069264069,23.96575276064505,10.28942614366365
Cyprus,2017,10.41022,11.3433874666571,22946583374.7569,26697.005859375,10.9,18.6785714285714,23.856434889810735,10.192306698001856
Cyprus,2016,10.31062,10.8365096201625,21046452116.3809,24715.142578125,10.3,18.6807359307359,23.769997837329306,10.11517139461477
Cyprus,2015,9.850766,10.1909407482203,19909269064.1204,23487.21875,10.4,18.6915584415584,23.714451242350645,10.06421166919553
Cyprus,2014,9.740121,9.97287104885208,23225912184.5047,27244.34375,9.5,18.6943722943723,23.8685343968494,10.212601209738665
Cyprus,2013,9.201868,10.749267225806,23959708956.3563,27797.453125,9.7,18.6971861471861,23.89963946305629,10.232699681273257
Czechia,2021,11.37291,30.2656842672528,281791218507.1,26822.5141862111,17.2,34.7066980208929,26.364432273778885,10.196996895402965
Czechia,2020,10.65787,30.6869294118492,245974558654.043,22992.8793833348,17.0,34.6779919254939,26.22849394742503,10.042939854948859
Czechia,2019,11.67751,31.5302362186778,252548179964.897,23664.8478631108,15.9,34.6514173213048,26.254867879201747,10.071746013547692
Czechia,2018,12.28061,31.7708544140094,249000540729.179,23424.4804601855,14.7,34.6259551871519,26.24072090501189,10.061536927999857
Czechia,2017,12.49988,32.7082970127827,218628940951.675,20636.199952435,14.5,34.6025126278979,26.11064179620241,9.934802091813381
Czechia,2016,12.45321,33.4093272846707,196272068576.338,18575.2320271915,14.8,34.579070068644,26.00276763863115,9.829584360877607
Czechia,2015,12.33594,33.7818228045362,188033050459.881,17829.6983223668,14.8,34.5601606009584,25.959883584643812,9.788620791048697
Czechia,2014,12.20149,33.8393507611777,209358834156.329,19890.9199056648,14.8,34.5271691271691,26.067315526545276,9.898018620434886
Czechia,2013,12.42734,32.6460705062336,211685616592.931,20133.1691431353,13.9,34.4986531986532,26.07836807037437,9.910123940079258
Denmark,2021,7.447467,19.5883379611709,405687998852.691,69268.6517983134,39.5,15.7345,26.728850225387017,11.145747727831912
Denmark,2020,7.308443,19.7206648295796,354762748338.661,60836.5924121638,39.5,15.711,26.594715088461133,11.015946735800126
Denmark,2019,7.783017,20.708938087057,346498737961.635,59592.9806886454,37.2,15.6875,26.571145013323374,10.99529307243713
Denmark,2018,8.491892,20.8244932866501,356841216410.068,61591.9288698958,34.6,15.664,26.60055674782507,11.028286116097753
Denmark,2017,8.565171,20.7432378422377,332121063806.391,57610.0981801135,35.0,15.64,26.52876538941349,10.961453146944965
Denmark,2016,9.02541,20.6686168257458,313115929314.339,54663.9983719195,32.0,15.6165,26.46983934010835,10.908960606677201
Denmark,2015,8.746716,19.9874545918162,302673070846.857,53254.8563700916,32.5,15.617,26.435919085841395,10.882844278851595
Denmark,2014,9.290766,19.7849958878059,352993631617.708,62548.9847332908,30.2,15.42605,26.589715852973935,11.043705284481007
Denmark,2013,10.09331,20.0618073480166,343584391647.927,61191.1937042028,27.0,15.2351,26.562698600087373,11.021758564424546
Estonia,2021,9.451257,23.4017708511729,36864792511.6351,27698.4793450267,38.0,57.0385964912281,24.330522800042743,10.229132793377063
Estonia,2020,8.5322,22.7055627413258,31330419851.1487,23565.1759437969,40.4,57.0385964912281,24.167855342751096,10.06752530564852
Estonia,2019,10.93421,23.0335681142788,31290453293.545,23581.656836882,31.3,57.0385964912281,24.16657888137254,10.06822443612174
Estonia,2018,15.09125,24.0241659627792,30624720196.229,23165.8494786437,28.6,57.0385964912281,24.1450733693199,10.050434467959471
Estonia,2017,15.75944,23.9988866145101,26924385103.0659,20437.765376736,27.5,57.0385964912281,24.01629822233035,9.92513971234973
Estonia,2016,14.84517,24.0475383611575,24072829276.7744,18295.3429322114,27.2,55.6993328732459,23.90434962553016,9.814401821864205
Estonia,2015,13.6267,23.8632815419554,22890762090.1508,17402.0376128079,28.2,55.6938118242466,23.853999263941237,9.764342582530823
Estonia,2014,15.96095,24.7726507073494,26634083965.0987,20261.0667303886,25.3,55.3027835288705,24.005457584574472,9.916456428459476
Estonia,2013,16.55497,25.3499960657369,25115753366.1114,19056.0019226989,24.5,54.9117552334944,23.94676111035835,9.855137392492374
Finland,2021,8.591137,23.9906807519229,296470417085.267,53504.6936483441,50.2,73.7264996576714,26.415213276663685,10.887524660780644
Finland,2020,8.618014,24.0364983742092,271886077382.102,49169.7193388499,47.3,73.7283674409423,26.32864898235327,10.8030332524143
Finland,2019,9.534517,23.8782946576725,268514916972.549,48629.8582283032,45.4,73.7307932747672,26.316172306046898,10.791992988080056
Finland,2018,10.14114,23.9961963831373,275708001767.843,49987.6261584968,44.2,73.7332192682285,26.342608178014704,10.819530776952774
Finland,2017,9.985672,24.4006875798163,255647979916.471,46412.1364777169,44.4,73.7332192682285,26.267067256686737,10.745316266032725
Finland,2016,10.51994,23.4973657352495,240771351298.833,43814.0265056965,42.4,73.7356454213418,26.207113570291735,10.687709284954783
Finland,2015,10.03025,23.305816401353,234534382384.766,42801.9081167285,43.2,73.7356454213418,26.180868034062765,10.664337962742687
Finland,2014,10.70421,23.0974832887862,274862826772.156,50327.2402902632,41.2,73.6305900161243,26.339537998427407,10.826301765965514
Finland,2013,11.51795,23.3216360530733,271362405890.589,49892.2233632732,38.5,73.5206818256606,26.326721055557922,10.817620425171222
France,2021,6.076653,16.3956296225837,2959355819170.5,43671.3084099631,16.2,31.6613612829349,28.71599273192135,10.684446607330594
France,2020,5.76688,16.7858585091586,2647418691598.45,39179.7442596057,16.8,31.5090483730461,28.60460620256168,10.575915164157314
France,2019,6.369814,17.4246759666644,2728870246705.88,40494.8982936276,15.5,31.3567354631573,28.63490881042908,10.60893127710141
France,2018,6.54141,17.188379329634,2790956878746.66,41557.8548588876,15.2,31.2044225532684,28.657405620254693,10.634841828358601
France,2017,6.850559,17.241152651745,2595151045197.65,38781.0494870836,14.1,31.0521096433796,28.584665837094352,10.565686991016419
France,2016,6.83187,17.4341320487761,2472964344587.17,37062.5335723829,14.2,30.8997967334908,28.53643868648567,10.52036186157125
France,2015,6.820158,17.6796917075443,2439188643162.5,36652.9223052178,13.3,30.7474838236019,28.522686576641473,10.509248439612705
France,2014,6.788871,17.7459396724758,2855964488590.19,43068.5487241739,13.2,30.5951709137131,28.680430726361564,10.670548281733376
France,2013,7.338353,17.9718012893511,2811876903329.03,42602.7179652667,13.4,30.4428580038243,28.66487331343125,10.659673332223766
Germany,2021,9.130239,27.0340986053712,4278503934689.85,51426.7503654421,17.6,32.6826755201923,29.08462451644646,10.847913751189198
Germany,2020,8.799268,26.707376907099,3887727161914.41,46749.4762280016,18.5,32.6826755201923,28.988845825659673,10.752558330974962
Germany,2019,9.588774,26.9911142709931,3889177589254.9,46805.1384334439,17.1,32.6826755201923,28.98921883456327,10.753748271465051
Germany,2018,10.27305,27.3062740495328,3974443355019.6,47939.2782884504,16.0,32.6836109680005,29.010905817755763,10.777690453399678
Germany,2017,10.64449,27.462322016675,3690849152517.65,44652.5891722719,15.2,32.6845464693591,28.93687767014034,10.706667572804177
Germany,2016,10.8649,27.5685064790062,3469853463945.53,42136.1207907991,14.2,32.685482024273,28.87513347958512,10.648660627847912
Germany,2015,11.01017,27.1097885783397,3357585719351.56,41103.2564363768,14.6,32.7323281545606,28.842243295725737,10.623842629374268
Germany,2014,11.00098,27.0109959930724,3889093051023.52,48023.8699845462,14.0,32.7228432215535,28.989197097538348,10.779453457626378
Germany,2013,11.55022,26.7826133352304,3733804649549.03,46298.9229177341,13.6,32.7189864709929,28.948448843008123,10.742873976687841
Greece,2021,7.380268,15.0781596465369,214667807441.202,20310.6824798873,21.5,30.2699767261443,26.092357588535624,9.918902257155466
Greece,2020,7.090219,14.6670486423474,188480337285.605,17617.2915057014,20.1,30.2699767261443,25.962259526911453,9.776636170631441
Greece,2019,8.049759,13.3546849293509,205252760889.364,19143.8876174584,18.5,30.2699767261443,26.04750803653739,9.859738759191664
Greece,2018,8.665979,13.6284382517849,212049447242.111,19756.990456255,17.9,30.2699767261443,26.080085326129876,9.891262654856904
Greece,2017,8.949229,13.7286938837213,199844406013.531,18582.0893411631,16.4,30.2699767261443,26.02080493078645,9.829953457130884
Greece,2016,8.574411,14.5320185356788,193148146586.933,17923.9668134716,16.4,30.2699767261443,25.986723330293962,9.793894024390795
Greece,2015,8.878455,14.4993252011836,195683527003.375,18083.8779056547,17.5,30.27,25.999764533065512,9.802776096879578
Greece,2014,9.174939,14.1196677812184,235458133124.608,21616.7100094908,16.4,30.27,26.184798955934298,9.98122190613958
Greece,2013,9.425675,15.0599468391864,238907690051.13,21787.7877636035,16.6,30.27,26.199343080174632,9.989104897479598
Hungary,2021,6.564924,24.1759579032159,182109999477.691,18755.1023464312,15.3,22.4803495507342,25.927876734186043,9.839221119522223
Hungary,2020,6.428946,24.3802502634253,157288955508.176,16131.9540355923,14.8,22.4962743808898,25.781350431628727,9.688557306720188
Hungary,2019,6.616499,24.7117816607969,164020460331.659,16786.2136399075,13.6,22.5122726276572,25.823257015108833,9.728313211828999
Hungary,2018,6.640434,25.0848220572613,160565642983.587,16425.2050299693,13.6,22.5281612973921,25.801968686454586,9.706572326073642
Hungary,2017,6.636732,25.1696808716092,143112196040.326,14621.2395956755,14.6,22.5429541968004,25.686894747272877,9.590230517375401
Hungary,2016,6.378675,25.4924908026605,128609822750.039,13104.6995457458,15.3,22.5589524435678,25.580049028026107,9.480726188806079
Hungary,2015,6.306214,26.3832312418632,125174166987.372,12717.038597002,15.6,22.5818540433925,25.55297194035595,9.450697995087463
Hungary,2014,5.966165,25.6905388607799,141033843265.669,14294.2584180751,15.7,22.5502301117686,25.6722657216844,9.56761322639607
Hungary,2013,5.914999,25.0490784712906,135684315697.713,13715.0703590361,17.2,22.7001877830553,25.633596816397713,9.526250533437736
Iceland,2021,12.43112,20.5581305522071,25797870984.2963,69252.3112431448,82.4,0.515752256272935,23.973557805480507,11.145511798844911
Iceland,2020,12.26495,20.1810957964365,21629953194.0659,59023.5663465778,82.9,0.5092730338193,23.79734491297311,10.985692072740102
Iceland,2019,13.00015,19.5316331579433,24681343649.2952,68452.23622306,81.7,0.502727362888029,23.929313477341804,11.133891499621383
Iceland,2018,13.68483,19.8218480286442,26260850582.0687,74452.1890731447,81.4,0.496280868789051,23.99134509608357,11.217912440945767
Iceland,2017,13.89687,19.5602567935748,24728285177.4603,72010.1490316258,80.8,0.492568578553616,23.93121357428253,11.18456234683702
Iceland,2016,13.9712,19.5776787703931,20793168030.9524,61987.9263620283,80.9,0.485386533665835,23.757890309648502,11.034694908967376
Iceland,2015,14.3066,20.0609398683861,17517210519.0912,52951.6815110898,78.0,0.480399002493766,23.586449692831444,10.8771351071087
Iceland,2014,14.20855,20.7770659639803,17867662177.8911,54576.7448146565,77.6,0.473436408977556,23.60625833371463,10.907363151858188
Iceland,2013,14.34549,21.082949232093,16125060515.3117,49804.9829978371,76.8,0.466473815461347,23.50364045250875,10.815870318204588
India,2016,2.121132,26.618999939973,2294796885663.67,1714.27953738629,33.0,23.9118253458407,28.461665452545645,7.446748176517001
Indonesia,2016,3.416774,39.3084439802081,931877364037.698,3558.81885175737,27.8,50.7434545269582,27.560467059323575,8.177183985579626
Indonesia,2015,3.549988,40.0478624042506,860854232686.214,3322.58167895444,26.6,50.6135490506354,27.481191027025265,8.108497373868206
Indonesia,2014,3.39025,41.9283421270033,890814755533.537,3476.62485441547,29.3,51.1068915947056,27.51540233655429,8.153817232720009
Indonesia,2013,3.163472,42.6356774375889,912524136718.018,3602.88551680629,30.6,51.6002341387757,27.53948037325106,8.189490335834808
Ireland,2021,12.32278,38.4656451748975,513391778882.86,102001.798249145,12.7,11.4097837131659,26.964305092171603,11.532745722004583
Ireland,2020,11.80245,37.6385554930621,428608687830.239,85973.0884875501,13.7,11.3517201335462,26.78381019003299,11.361789601701167
Ireland,2019,12.36837,35.3148022025282,398933010007.356,80848.3019020489,12.3,11.2936565539265,26.712059345021974,11.30032986171788
Ireland,2018,13.06404,36.7803675727397,386693357874.056,79446.9391085469,10.8,11.2355929743069,26.68089785898095,11.282844645213236
Ireland,2017,13.17646,36.0460535084463,337241811320.896,70150.7370157965,10.1,11.1775293946872,26.54406605100086,11.158401591759045
Ireland,2016,13.44525,36.7625510501739,298559265006.398,62784.0656875694,8.6,11.0661924807664,26.42223429280707,11.047456589171452
Ireland,2015,13.10803,38.2555432187049,292364226871.756,62179.2642662951,9.5,10.9547104078966,26.401266214217657,11.037776851221981
Ireland,2014,12.69037,24.4531448927711,259681883575.706,55752.7649838131,8.8,10.8551604006387,26.282723194135656,10.928682284214727
Ireland,2013,12.882,23.800457802454,238112475390.796,51496.9616850661,7.7,10.7556103933808,26.196008984660057,10.849278088504988
Israel,2021,8.39398,17.1721204881357,488526545878.891,52129.5159612108,6.2,6.46950092421442,26.91465964856772,10.861486592493852
Israel,2020,8.653331,18.1404458065216,413267669231.522,44846.7915954816,5.6,6.46950092421442,26.747361329494595,10.711007328595468
Israel,2019,8.99022,18.6342967269919,402470513619.148,44452.2325623093,4.5,6.46950092421442,26.72088767303245,10.702170466054412
Israel,2018,9.045182,18.6133064503184,376691526553.276,42406.8454263606,3.8,6.46950092421442,26.654692457505767,10.655065076923524
Israel,2017,9.193585,18.3860925349158,358245427458.541,41114.7817082553,3.9,6.46950092421442,26.604484140024155,10.624122988093937
Israel,2016,9.459031,18.9735138690915,322102790386.835,37690.4739511859,4.0,6.46950092421442,26.49813655635326,10.53716266116715
Israel,2015,9.648302,19.8227424520162,303414276832.04,36206.5222171621,3.7,7.62476894639556,26.438364958890983,10.496994553329692
Israel,2014,9.467832,19.8242655513047,314330061977.263,38259.6810956173,3.7,7.52310536044362,26.473709423574242,10.552151907769158
Israel,2013,9.924389,20.5112808006837,297732778479.129,36941.8423573582,3.3,7.42144177449168,26.419462204648063,10.517100126828936
Italy,2021,6.986344,23.1961729032425,2154875493744.93,36441.0598048734,17.5,32.5308994748357,28.398754062290795,10.503451434509522
Italy,2020,6.377156,21.5589284581311,1897461635591.91,31922.9191626183,18.7,32.3489349614665,28.271538127614917,10.371079499845203
Italy,2019,6.973042,21.5270098742186,2011302198827.45,33673.7509627421,17.3,32.1669704480973,28.329803488341923,10.424473909655033
Italy,2018,7.152698,21.4501517225557,2091932426266.98,34622.1696664741,17.1,31.9848977742309,28.369109360589928,10.452249497664038
Italy,2017,7.205578,21.3004050229852,1961796197354.36,32406.7203150134,16.4,31.8029338761929,28.304881596729533,10.386121097402505
Italy,2016,7.30424,21.2179443783853,1877071687633.78,30960.7315088902,16.1,31.6209699781549,28.26073406546944,10.34047495497267
Italy,2015,7.347827,20.8563842801091,1836637711060.55,30242.3861352184,16.6,31.4390060801169,28.2389576849982,10.316999733768418
Italy,2014,7.162068,20.7984291070401,2162009615996.54,35565.7213771496,17.1,31.2570489452789,28.402059282867654,10.47913757030648
Italy,2013,7.52261,21.1724585185577,2141924094298.56,35560.0814062288,16.3,31.075091810441,28.3927256504908,10.478978978889247
Japan,2021,9.260355,29.2628608719163,5034620784584.98,40058.5373276179,8.8,68.4087791495199,29.24735932339079,10.598097096511738
Japan,2020,9.040858,29.07340051522,5055587093501.59,40040.7655055923,8.5,68.4087791495199,29.251515102804817,10.597653351767686
Japan,2019,9.515342,28.8040848106902,5117993853016.51,40415.9567649547,7.8,68.4087791495199,29.26378365261355,10.60697995539892
Japan,2018,9.783154,29.0140076866127,5040880939324.86,39751.1330982711,7.3,68.4087791495199,29.248601972286494,10.590393625293084
Japan,2017,10.12293,28.8824260088632,4930837369151.42,38834.0529341227,6.9,68.4087791495199,29.226529941314823,10.567052793640526
Japan,2016,10.2256,28.6299476490573,5003677627544.24,39375.4731620781,6.4,68.4224965706447,29.241194283505177,10.580898392870415
Japan,2015,10.36296,28.5837114240167,4444930651964.18,34960.6393843385,6.2,68.4334705075446,29.122785383414826,10.46197811862793
Japan,2014,10.65378,27.3136267349767,4896994405353.29,38475.3952461838,5.6,68.4455418381344,29.219642746183972,10.557774231459613
Japan,2013,11.02744,26.6507450551464,5212328181166.18,40898.6478964744,5.0,68.4576131687243,29.282047739664364,10.618852282718533
Kazakhstan,2021,17.61383,35.2669295966944,197112255360.612,10270.8873391027,2.0,1.29048383153684,26.0070392275618,9.237068700271326
Kazakhstan,2020,17.59665,33.0977971542858,171082365861.423,9121.63640904156,1.8,1.27965329481053,25.86541094918672,9.118404497788553
Kazakhstan,2019,18.8059,33.028795913527,181667184854.501,9812.59552626324,1.9,1.26882246175501,25.925442195347575,9.191422097203862
Kazakhstan,2018,20.70528,33.4962004017876,179339977690.485,9812.62543137393,1.9,1.25799207319332,25.91254915807243,9.191425144824143
Kazakhstan,2017,20.01968,32.3252253010728,166805788827.233,9247.58067886159,2.0,1.24716079564396,25.840096031468086,9.132117248065589
Kazakhstan,2016,19.18225,31.9797903606788,137278320084.171,7714.84184376024,2.1,1.23632625847316,25.645276235462084,8.950901264750486
Kazakhstan,2015,19.44544,30.8547873936113,184388404706.042,10510.7703240885,1.7,1.22549031373856,25.940310264888122,9.260155755579813
Kazakhstan,2014,19.45858,33.2094258316125,221415613595.469,12807.2630452048,1.3,1.20872722895136,26.123307376845805,9.45776771438941
Kazakhstan,2013,18.49847,33.6988156382046,236634603409.089,13890.6339694612,1.2,1.19196410712301,26.18978303058247,9.538970076856653
Korea,2021,13.07662,32.4320155023667,1818432106880.04,35125.5224984723,3.6,64.3135245901639,28.22899576599409,10.466683281926755
Korea,2020,12.62525,32.5381602000323,1644312831906.17,31721.2989141857,3.6,64.4159836065574,28.1283436815078,10.364743624285719
Korea,2019,13.50751,32.6791489168007,1651422932447.77,31902.4169048194,3.2,64.5184426229508,28.132658415503887,10.37043705094427
Korea,2018,14.05499,34.0458023068892,1725373496825.43,33447.1562836166,3.2,64.6739130434783,28.17646466287362,10.417722047999781
Korea,2017,13.81223,34.766308535902,1623074183501.9,31600.7358741365,2.8,64.783099169316,28.115343111057783,10.36093568646008
Korea,2016,13.51893,34.2977996755017,1499679823909.61,29280.4403170048,2.6,64.8791145667716,28.03627275052594,10.284675006111247
Korea,2015,13.55174,34.1499356702728,1466038936206.43,28737.4391706499,2.7,65.0315562625071,28.01358527852628,10.2659560523454
Korea,2014,13.61232,34.0916723723005,1484488526271.8,29252.9312377352,2.9,65.1442060966848,28.0260914021017,10.283735060894895
Korea,2013,13.79597,34.447829188741,1370632955321.2,27179.5170146052,1.9,65.2495227146758,27.946293760257635,10.210218917665173
Latvia,2021,5.702838,20.3511614704783,39443126174.4335,20930.3982374189,44.0,54.8716053350474,24.39812562759726,9.948957842369348
Latvia,2020,5.527397,19.6463722932014,34390910338.9604,18096.2027073394,43.8,54.8094166800579,24.261058132077174,9.803457400069211
Latvia,2019,5.827959,18.919215596024,34225547537.0745,17883.3494113217,41.5,54.7498674208945,24.25623820615437,9.791625358439074
Latvia,2018,5.857937,18.6596036517809,34429023435.0211,17865.0310947642,41.0,54.6876757677536,24.26216575011361,9.790600510996953
Latvia,2017,5.562156,19.0466221765712,30483806017.8318,15695.1151541059,42.6,54.6254841146126,24.140461429320766,9.661104806242188
Latvia,2016,5.495533,18.5195892811901,28083597512.4841,14331.7515885049,38.5,54.5632924614717,24.058451524439256,9.57023274562775
Latvia,2015,5.446976,19.1035688161456,27263090547.0617,13786.4567953114,38.1,54.5011008083308,24.028799629754882,9.531441997621114
Latvia,2014,5.384703,18.938518997154,31386896487.0407,15742.3913381908,40.2,54.4390055763575,24.169656333432933,9.664112437889706
Latvia,2013,5.375314,20.1007604286956,30204783461.8488,15007.4918561719,39.6,54.3769103443843,24.131266141560875,9.616304812475303
Liechtenstein,2021,4.710613,40.2009622344276,7710380085.92257,197504.548936258,53.6,41.875,22.76583332109158,12.193516895646717
Liechtenstein,2020,4.666892,40.3036198267405,6405870210.32293,165287.186766512,55.2,41.875,22.58048062728544,12.015439765780545
Liechtenstein,2019,4.893716,44.2952285660684,6436467007.11932,167259.160311816,56.1,41.875,22.58524562514689,12.027299746665927
Liechtenstein,2018,4.759173,41.7550346850839,6692620691.84146,175286.679024684,56.8,41.875,22.624271367091048,12.074178078430892
Liechtenstein,2017,5.117912,44.078617141423,6474308717.85289,170875.682067431,55.3,41.875,22.59110767711101,12.04869156563456
Liechtenstein,2016,5.00698,41.9543783150565,6237302033.50132,165845.995200652,55.8,41.875,22.55381355940436,12.01881489696669
Liechtenstein,2015,5.317628,37.2602648896845,6268515276.17441,167809.269874833,55.5,41.875,22.558805365491846,12.030583315081941
Liechtenstein,2014,5.398083,39.647172626367,6657526979.72277,179467.516166777,55.0,41.87375,22.619013928174795,12.097749502103497
Liechtenstein,2013,6.284657,39.3045826652038,6391708310.67727,173659.411799089,53.5,41.873125,22.578267410870595,12.064851256525456
Lithuania,2021,7.253979,24.882103431689,66798933785.7702,23849.6156993566,33.2,35.1807490816164,24.92495295607076,10.079523382952143
Lithuania,2020,7.108402,24.9114253250224,56964942999.3651,20381.8557827478,31.7,35.1485148514851,24.76570188047043,9.92240036164718
Lithuania,2019,7.073045,25.3278916550039,54808531641.4117,19615.5491450175,33.5,35.1325455126158,24.72711170566951,9.884077854429055
Lithuania,2018,6.931288,25.6191060108105,53751411409.4447,19186.359591641,33.7,35.0950023950184,24.707635762389796,9.86195486759989
Lithuania,2017,6.973219,25.8963432866412,47758736931.7801,16885.4073948373,33.8,35.0569116074137,24.589427859529046,9.734205060147039
Lithuania,2016,6.861284,25.9447153605225,43047309305.7363,15008.3132445526,31.5,34.9605695859008,24.485565564257932,9.616359542866718
Lithuania,2015,6.769935,26.7180600025202,41435533340.3883,14263.9645773495,29.0,34.9082202713488,24.44740464290075,9.56549167617965
Lithuania,2014,6.601678,27.5077238210517,48533659592.1728,16551.018202078,27.7,34.853950518755,24.60552340638449,9.714202901696929
Lithuania,2013,6.562497,27.3948936716951,46523420074.4372,15729.6524666512,26.3,34.7857997606701,24.563221680261627,9.663302902143359
Luxembourg,2021,14.65991,10.7209988936008,85584105993.8746,133711.794435985,20.5,34.4538272103664,25.17276542521223,11.803441974876037
Luxembourg,2020,14.33521,11.3118944845976,73699366700.2134,116905.370396853,20.8,34.4538272103664,25.023260043163308,11.669120086497786
Luxembourg,2019,17.30809,11.5988958079178,69890505323.5842,112726.439672814,16.4,34.4538272103664,24.97019564467951,11.632719274756312
Luxembourg,2018,17.37427,10.9806523373367,71000359760.4611,116786.511654677,16.0,34.4538272103664,24.985950781023636,11.66810286029907
Luxembourg,2017,17.20591,10.8183368591649,65712180342.9836,110193.213797228,15.3,34.4538272103664,24.908550138602056,11.609990593017372
Luxembourg,2016,17.27566,12.0959325625638,62216885435.9488,106899.293549552,13.5,34.4538272103664,24.853892269881555,11.57964248847448
Luxembourg,2015,18.10569,11.539623433831,60071584216.1375,105462.012584423,9.1,34.4538272103664,24.81880275829471,11.566106096767557
Luxembourg,2014,19.38115,10.810880633632,68804811897.6445,123678.702143275,6.8,34.4538272103664,24.954539519812734,11.725442370099268
Luxembourg,2013,20.76191,10.4429419766443,65203276466.9763,120000.140729859,5.7,34.4538272103664,24.900775557177386,11.69524819451232
Malta,2021,4.047379,12.573638993228,18123718946.6006,34951.7081679971,8.6,1.4375,23.62048735638104,10.461722621088436
Malta,2020,4.047562,13.4524241940554,15249999048.0297,29592.5714840718,9.2,1.4375,23.44784527757555,10.295278645439621
Malta,2019,4.221609,12.4516419302708,16004563885.7539,31751.1811756369,7.4,1.4375,23.4961397613718,10.365685206011111
Malta,2018,4.167681,11.9062698232304,15404393365.2073,31785.8848300917,7.6,1.4375,23.457918589135428,10.366777596959812
Malta,2017,4.308565,11.7418427764888,13484541925.7714,28813.1853396512,7.3,1.3125,23.324809823793277,10.268588385647917
Malta,2016,4.065545,12.3425622899506,11668015565.8082,25623.9416320597,9.2,1.1875,23.180117223010665,10.151282413424228
Malta,2015,4.82755,12.2935952815272,11091483659.6156,24921.7141769982,6.0,1.09375,23.129443412914622,10.123494757734623
Malta,2014,6.547841,12.9888437995467,11625848974.8051,26753.2733830814,4.5,1.09375,23.176496815844025,10.194412114298608
Malta,2013,6.654233,14.5871801601774,10551030596.7558,24769.5962287121,3.2,1.09375,23.079489378993717,10.117372221531495
Mexico,2019,5.819585,31.7765006025841,1305211135822.61,10434.5676193955,10.3,33.8588183852465,27.897385933519015,9.252879383041467
Mexico,2018,6.108787,32.0438654544068,1256300182879.73,10130.3206976172,10.3,33.9245402402325,27.859192154526884,9.223288254946674
Mexico,2017,6.103642,31.9586846731805,1190721475906.0,9693.33009082487,10.1,33.9902672393837,27.80558052161109,9.179193308470163
Mexico,2016,6.401331,30.6167913885108,1112233497452.7,9152.73722379028,9.2,34.0559942385349,27.737391269437932,9.1218082636741
Mexico,2015,6.145796,30.8402535936115,1213294467716.88,10098.173182095,9.2,34.1217160935209,27.824360476294576,9.220109813409945
Mexico,2014,6.128232,31.9175541097317,1364507717614.13,11490.0216914226,9.8,34.1847218292652,27.94181483308037,9.349234258693292
Mexico,2013,6.20877,32.1682751081867,1327436290282.67,11317.4910604809,9.2,34.2477275650094,27.91427059665673,9.334104689425189
Netherlands,2021,9.528993,18.161654148293,1029678338329.44,58727.8705471475,12.2,11.001980991981,27.660267576512478,10.980669689509947
Netherlands,2020,9.429046,17.8568289957691,909793466661.481,52162.5701150406,10.7,10.974160974161,27.536483450985397,10.862120469064552
Netherlands,2019,10.43547,17.5622805345272,910194347568.626,52476.2732533327,8.6,10.9465399465399,27.53692398241148,10.868116408393185
Netherlands,2018,10.84498,17.8057254191608,914043438179.607,53044.5324352253,7.4,10.9186219186219,27.541143932631886,10.878887074361646
Netherlands,2017,11.213,17.7031373197172,833869641687.06,48675.2223350213,6.4,10.8910008910009,27.449342922156685,10.792925397975655
Netherlands,2016,11.43799,17.637508699955,784060430240.08,46039.1059284098,5.6,10.8630828630829,27.387751933714213,10.737246443194822
Netherlands,2015,11.46479,18.1860210316402,765572770634.375,45193.4032187971,5.8,10.8354618354618,27.363890110405613,10.718706408682309
Netherlands,2014,11.09695,18.4123533265829,892167986713.722,52900.537415323,5.6,10.8803799346987,27.516920277707566,10.876168776874618
Netherlands,2013,11.62728,19.3341640636947,877172824534.512,52198.8975607454,5.0,10.9317304838231,27.499969873227442,10.86281665412176
New Zealand,2021,16.00519,18.9694982180802,253644079784.977,49624.1816729553,28.9,37.6306509437545,26.259197860592018,10.812233527636002
New Zealand,2020,16.08617,19.7803604965975,212697530897.56,41785.6922905898,28.7,37.5701264669021,26.08313695070516,10.640309270219548
New Zealand,2019,16.98792,20.2745492532694,212846907683.439,42747.2099299966,28.0,37.4673198891041,26.08383900096582,10.663059207439666
New Zealand,2018,17.02538,20.3218441861301,211846555690.736,43228.6976473771,28.9,37.4279366526148,26.079128055641526,10.674259851077345
New Zealand,2017,17.25799,20.4616749907128,206566916732.292,42913.186956185,28.4,37.411606091679,26.053890248826356,10.666934445938079
New Zealand,2016,17.32169,20.0886654849516,188898209220.167,40070.8956577431,30.1,37.396035091717,25.964474131367474,10.598405555707386
New Zealand,2015,18.20077,21.1560824911804,178104220784.881,38639.3501941427,29.3,37.3955033990354,25.9056347259218,10.562026471263275
New Zealand,2014,18.62226,21.3754486009419,201337554959.49,44578.2253868016,29.0,37.3966503361057,26.02824871433512,10.705000798763084
New Zealand,2013,18.7407,20.2876325725847,190909855416.34,42977.388040868,28.3,37.3977972731761,25.975067192413317,10.668429396848396
Norway,2021,9.10718,37.9019230417877,503367986030.268,93072.8925119571,61.4,33.4581491750625,26.944587322135217,11.441138255583216
Norway,2020,9.184148,26.8831673443447,367633418886.627,68340.0181033702,60.9,33.4353596771758,26.630352134304022,11.132250790570772
Norway,2019,9.551857,29.8244589771798,408742840909.091,76430.5889473338,59.8,33.3399069828592,26.736352044408996,11.244138273916175
Norway,2018,9.948096,32.6446122707692,439788625883.8,82792.8427113304,58.9,33.3172650284299,26.80956005271309,11.324096895952724
Norway,2017,9.995285,30.4933671932528,401745275035.261,76131.8384032764,58.9,33.2945336229161,26.719084080537215,11.24022183221934
Norway,2016,10.20813,28.5306166329967,370956547619.048,70867.3609970749,57.7,33.271099733249,26.639350770373866,11.16856525387484
Norway,2015,10.46716,31.5986317732861,388159512245.53,74809.9658049898,56.5,33.2456439881958,26.684682206120335,11.222706387774911
Norway,2014,10.4734,34.6738352116026,501736471832.848,97666.6951838749,55.8,33.2318108614437,26.94134086229196,11.489315891316119
Norway,2013,10.51274,36.2739314669769,526014468085.106,103553.840134417,56.6,33.2090866046879,26.988594555171062,11.547846950968717
Peru,2019,3.339248,30.4491957836385,228346006003.648,6956.49574886694,27.1,56.643125,26.15412788574632,8.847431142179458
Peru,2018,3.286837,31.6240835005495,222597009739.235,6912.10398761205,27.9,56.77815625,26.128628842360857,8.841029354874783
Peru,2017,3.317382,31.2978841231473,211007984080.911,6676.30879274916,27.6,56.902171875,26.075161808952615,8.80632053786859
Peru,2016,3.337641,30.5565505783828,191898104390.379,6163.86042474328,27.2,57.03928125,25.980230361799652,8.726458552566386
Peru,2015,3.320103,30.3378798708175,189802976285.619,6180.11926810233,27.4,57.1832265625,25.969252404166934,8.729092849311197
Peru,2014,3.294053,31.701403934103,200786250582.943,6614.83081997934,28.6,57.3168625,26.025506749227073,8.79706950101102
Peru,2013,3.228877,33.8594367461678,201175543571.392,6697.18774707052,28.4,57.4504984375,26.02744371495777,8.809442978020678
Poland,2021,10.46504,28.104717740495,681346077608.607,18050.2778862996,15.2,31.0192747468148,27.247336204331962,9.800916359005377
Poland,2020,9.684433,28.3483311602312,599442732365.372,15816.819050319,16.1,30.9770358997811,27.119266281188683,9.668829149695672
Poland,2019,10.06484,28.6365431908873,596058473058.766,15700.0135796738,15.6,30.939858220901,27.113604608358376,9.6614168562834
Poland,2018,10.64638,28.7573136403095,588779796423.695,15504.5075062692,15.1,30.8946010386387,27.101318090633264,9.648886067487297
Poland,2017,10.64229,28.8624032552045,524641252834.826,13815.501164767,11.1,30.8533916849015,26.985980538029427,9.533546513555626
Poland,2016,10.26138,30.7680477874817,470024599375.619,12378.8128106111,11.3,30.8142003331265,26.876050869377934,9.423741645889981
Poland,2015,9.971654,31.1151528159197,477111287969.227,12560.051419682,11.9,30.7652111434077,26.891015608734236,9.438276533937536
Poland,2014,9.900965,29.995789602435,539080475073.719,14181.9486817352,11.6,30.7057709265489,27.013130701114548,9.559725215308191
Poland,2013,10.22494,28.7348339944274,515761954074.157,13558.3411314221,11.4,30.6443290552235,26.96891116666922,9.514757218569947
Portugal,2021,5.409651,19.2426810934338,255534839405.899,24661.1664874576,32.3,36.154994891142,26.266624595047325,10.112985078416202
Portugal,2020,5.550515,19.4004549966046,229031860520.777,22242.406417972,31.3,36.154994891142,26.15712695973481,10.00975594475802
Portugal,2019,6.161293,18.8327237617961,239986922638.902,23330.817288932,28.2,36.154994891142,26.203850269799247,10.05753039607492
Portugal,2018,6.514248,19.2993079718,242313116577.967,23562.5545228191,27.5,36.154994891142,26.213496596931318,10.067414058153487
Portugal,2017,6.865421,19.1172658186866,221357874718.93,21490.429863104,24.4,36.154994891142,26.12304657136223,9.975362992372936
Portugal,2016,6.356108,19.3279610326808,206426152308.931,19991.9724878805,29.0,36.154994891142,26.05320856945029,9.903086096357404
Portugal,2015,6.51836,19.4643821268536,199394066525.44,19250.1065376852,27.2,36.154994891142,26.018548937388683,9.86527187412582
Portugal,2014,6.09251,18.9367801464576,229901964221.884,22103.7009703321,30.5,36.0239985328408,26.160918812488898,10.003500338206102
Portugal,2013,6.0721,18.86789482519,226433858005.714,21653.1959752225,30.2,35.893158903643,26.14571872158923,9.982908342638517
Romania,2021,6.027658,26.0492857646243,285810244501.933,14946.624968678,23.6,30.1158292767733,26.378593946803026,9.612240798728948
Romania,2020,5.779853,26.547935587499,251362514349.697,13047.4566563993,24.1,30.1158292767733,26.250162014386255,9.476348501526942
Romania,2019,5.944967,27.5918020264438,251017797625.017,12957.9991142218,23.5,30.1158292767733,26.248789680437,9.469468568652267
Romania,2018,6.07911,28.9186708716235,243316029944.056,12494.4235789649,23.0,30.1158292767733,26.21762697007337,9.433037710069271
Romania,2017,6.005323,29.1102472148073,210147163769.848,10727.9708633184,23.4,30.1158292767733,26.071073902088752,9.280609709010623
Romania,2016,5.820341,30.1218933665055,185287630540.431,9404.38125929526,24.4,30.1158292767733,25.945175214315217,9.148930951085621
Romania,2015,5.886501,30.8120232923291,177883883008.747,8976.9544892648,23.7,29.9937413073714,25.904396831722963,9.10241596003957
Romania,2014,5.923279,32.5714137918456,199713780259.318,10031.3421526698,24.3,29.6582406119611,26.020151079791255,9.213469685829214
Romania,2013,5.891446,32.0741877530961,189789258566.244,9497.20647561211,23.1,29.3291135938791,25.96918012808686,9.1587529791472
Russia,2021,14.78497,31.4020723783502,1843392293734.38,12521.5224609375,3.5,49.7843360788722,28.24262862803417,9.43520423957243
Russia,2020,14.07459,29.7171245814295,1493075894362.14,10108.3271484375,3.7,49.7843360788722,28.031859466657885,9.221114833282865
Russia,2019,14.55744,32.1504958365379,1693115002708.32,11447.701171875,3.2,49.7843360788722,28.157591145129473,9.345544217809904
Russia,2018,14.61032,32.5542980530841,1657328773461.31,11211.8876953125,3.2,49.7843360788722,28.13622824957445,9.324729895762207
Russia,2017,14.18285,30.6732968853437,1574199360089.0,10658.9130859375,3.2,49.7843360788722,28.084767916155503,9.274151730601806
Russia,2016,13.86722,29.1739050669208,1276786350881.14,8663.158203125,3.4,49.7726995451512,27.875367373485457,9.066834623656327
Russia,2015,13.88833,29.7940599874349,1363482182197.71,9277.7138671875,3.2,49.7610630114301,27.941062971451554,9.135370444912384
Russia,2014,14.16805,27.9315270606099,2059241589895.01,14055.47265625,3.3,49.763568252053,28.353358870697274,9.550767111821791
Russia,2013,14.22791,28.1912891799352,2292470078346.22,15941.4482421875,3.6,49.766073492676,28.460650989016376,9.676677804063205
Saudi Arabia,2016,20.56476,42.4239039039039,666000000000.0,19930.4111440325,0.0,0.454484134921779,27.2245555074868,9.900002042398597
Slovak Republic,2021,7.571885,28.5985231695446,118563266602.359,21765.722502093,17.9,40.05615640599,25.498712550428724,9.988091649028958
Slovak Republic,2020,6.810417,28.3577579023887,106737868873.941,19553.2609613643,17.6,40.05615640599,25.39364184207243,9.880897352596559
Slovak Republic,2019,7.317483,29.6043140394741,105711680180.565,19381.8905468746,17.6,40.05615640599,25.38398122684497,9.872094432125243
Slovak Republic,2018,7.751186,29.3040678314195,106137924015.593,19486.3936845505,12.4,40.05615640599,25.38800525522887,9.877471741237553
Slovak Republic,2017,7.795567,28.7240360583021,95649966260.9802,17585.197002257,12.4,40.05615640599,25.283961180098476,9.774812747703278
Slovak Republic,2016,7.600854,29.3416393243962,89952699524.894,16563.4404971229,13.1,40.0035357737105,25.22254980828666,9.714953165848335
Slovak Republic,2015,7.530237,30.5718722081488,88900883130.8374,16390.8821748507,13.4,39.9681793602596,25.210787913397102,9.704480494258343
Slovak Republic,2014,7.401009,30.5233505220987,101437045019.901,18719.9881409371,12.2,39.9538685524126,25.34270419688671,9.837347116534433
Slovak Republic,2013,7.780674,28.6486439030417,98935222174.8603,18276.0095516546,10.7,39.9312510397604,25.317731151453227,9.813344525316786
Slovenia,2021,7.628636,28.4264486436596,61832201543.8285,29331.0647010043,23.4,61.3711140025029,24.84769012628488,10.286402462062872
Slovenia,2020,7.58515,29.2146493515283,53734526854.2289,25558.4290544506,22.7,61.4722591923085,24.707321590031484,10.14872244550918
Slovenia,2019,8.209385,28.8649075475152,54386654313.9685,26042.4463468032,20.9,61.5730716513379,24.719384635600306,10.167483037639652
Slovenia,2018,8.524422,28.3031431227637,54177882425.8431,26123.7471277911,20.6,61.674380723466,24.715538588783506,10.170600031286185
Slovenia,2017,8.628457,28.342516841896,48589100043.0954,23514.0254604147,19.7,61.7699782998396,24.60666506374992,10.065352350203943
Slovenia,2016,8.599587,27.9656586171174,44766722790.5826,21678.3594670629,21.0,61.8592989772614,24.5247309055055,9.98406978235201
Slovenia,2015,8.175362,28.0267665716727,43107506024.3254,20890.1664304173,21.4,61.9582377647374,24.486962972589765,9.947033821508693
Slovenia,2014,8.090068,28.1368465759898,49997186439.0916,24247.1733184083,22.9,61.9563058589871,24.635232569573105,10.096055325382148
Slovenia,2013,8.906325,27.4889544680464,48415657264.8758,23503.2824850255,22.5,61.9463753723932,24.603089095563234,10.064895370591728
South Africa,2020,7.89871,23.3506497386886,338291396026.698,5753.06649434631,9.8,14.055090718743,26.54717347944098,8.657488295000272
South Africa,2019,8.502121,23.6220152843652,389330032224.269,6702.52661671812,8.7,14.0850967364334,26.687693232754505,8.810239841264949
South Africa,2018,8.791718,23.5370608392744,405260723892.517,7067.72416483846,8.0,14.1151027541238,26.727796459624205,8.86329380676386
South Africa,2017,8.767585,23.6105564955695,381448814653.456,6734.47515312493,7.9,14.1451087718141,26.667242510002282,8.81499515754137
South Africa,2016,9.151412,23.7825372977493,323585509674.481,5735.06678717842,7.8,14.1751147895045,26.50272924261914,8.6543546750368
South Africa,2015,9.337485,23.7323079746326,346709790458.563,6204.92990145846,7.6,14.2051208071948,26.57175392823078,8.733099400469087
South Africa,2014,9.451585,24.3052820058227,381198869776.106,6965.1378973693,7.6,14.2351268248852,26.666587043811532,8.848672684635188
South Africa,2013,9.998137,24.5517417673484,400886013595.573,7441.23085399675,7.8,14.2651328425756,26.71694296847213,8.91479155150904
Spain,2021,6.095531,20.3240638473685,1445651653604.63,30488.8209528797,19.0,37.1727521093233,27.99958130718861,10.32511536927329
Spain,2020,5.715652,20.1367280006434,1278128867875.49,26984.2962770279,19.3,37.1773054885498,27.87641830238365,10.20301035641097
Spain,2019,6.572133,20.0416214041925,1394320055129.41,29581.5185513299,16.7,37.1677215644695,27.9634279966984,10.29490507204411
Spain,2018,7.030887,19.8659477563402,1421702715218.04,30379.7211126422,16.9,37.1566467814769,27.98287636442519,10.321530596141933
Spain,2017,7.185128,20.0456433248573,1313245330197.65,28185.3213671969,15.2,37.1522339173654,27.903522540861463,10.24655660251549
Spain,2016,6.916669,19.9925521796091,1233554967011.68,26537.1594894542,16.7,37.142868581403,27.840921333748415,10.186301274632127
Spain,2015,7.17924,20.0736115285152,1196156971279.69,25754.36102944,16.3,37.1275324670126,27.810135009734243,10.156359252118635
Spain,2014,6.922019,20.063567200719,1371820537888.62,29513.6511800405,17.3,37.0844485316167,27.947159833388568,10.292608187157066
Spain,2013,6.870178,20.2649809881089,1355579535912.55,29077.1820557563,16.9,37.0821135123248,27.935250180602356,10.277709023779973
Sweden,2021,4.581791,22.6925697313325,639714956069.468,61417.6808766469,57.9,68.6990689582005,27.184288532947033,11.025453034842462
Sweden,2020,4.442929,21.5906876161299,547054174235.876,52837.9039778149,57.8,68.6990703076107,27.027813673286815,10.874984090510637
Sweden,2019,4.883914,21.9037119434159,533879529188.454,51939.4297445291,52.9,68.6990605243879,27.00343604968424,10.85783350603689
Sweden,2018,5.067507,22.0024372937424,555455371487.089,54589.0603860606,51.6,68.6944981353789,27.04305410344154,10.907588782428745
Sweden,2017,5.201813,22.1283718774148,541018749769.097,53791.5087298403,51.8,68.6944981353789,27.01671977280619,10.892870903392996
Sweden,2016,5.365599,21.7132563735113,515654671469.547,51965.1571531985,50.9,68.6944981353789,26.96870313704794,10.858328718230371
Sweden,2015,5.443263,22.1580717620356,505103781349.757,51545.4836095322,51.9,68.6944981353789,26.94802975273125,10.850219873764718
Sweden,2014,5.51965,21.7861212754181,581964017237.095,60020.3604576572,48.6,68.7352595389057,27.08967445671344,11.00243912460207
Sweden,2013,5.757471,22.0683391272751,586841821796.891,61126.9431963979,47.3,68.7809216729919,27.098021151631432,11.020708016805981
Switzerland,2021,5.18552,25.5788564853889,813408787222.499,93446.4344518943,27.7,32.2086033202538,27.424499633437772,11.44514365754793
Switzerland,2020,5.070135,24.8279156756116,741999406005.627,85897.7843338323,26.4,32.1215359394659,27.33261427958197,11.360913314087094
Switzerland,2019,5.418484,24.7211591296094,721369112726.724,84121.9310304414,24.8,32.034468558678,27.304416788761394,11.340022585216989
Switzerland,2018,5.486529,24.4239571771375,725568717468.001,85217.3691512274,24.2,31.9474011778901,27.31022162217739,11.35296055531743
Switzerland,2017,5.705647,24.2176943229599,695200833086.499,82254.3769269767,25.0,31.8603337971021,27.26746660923764,11.317571882129405
Switzerland,2016,5.8751,24.0899792080479,687895460902.713,82153.0745447889,24.1,31.7732664163142,27.2569027169724,11.316339548751554
Switzerland,2015,5.902717,24.2011258209806,694118186379.628,83806.4476003837,23.9,31.6857178507946,27.26590808033125,11.336265223849127
Switzerland,2014,6.033563,24.323915072693,726537808338.0,88724.9909402638,22.2,31.5982233630178,27.31155636036174,11.393296875404394
Switzerland,2013,6.594462,24.7022127251447,706234937370.968,87304.3305813557,21.8,31.5107315281037,27.283213791563295,11.377155346340276
Trkiye,2021,6.707162,31.1327995979131,819865253669.661,9743.21313092428,12.0,29.0741785013578,27.432405838908817,9.184326232473392
Trkiye,2020,6.284017,28.0257662212334,720338498174.744,8638.73913259299,13.7,28.8714836999597,27.302987074830853,9.064011917421075
Trkiye,2019,6.160442,27.3317017122106,761005946788.221,9215.44087472889,14.1,28.6687888985616,27.357907009216753,9.128635712120506
Trkiye,2018,6.425819,29.4385940636494,778972199727.859,9568.83618958168,11.8,28.4660940971636,27.381241195053093,9.166266866767824
Trkiye,2017,6.581348,29.1317212602651,858988492853.742,10695.550196231,11.4,28.2635292283305,27.479021362861594,9.277583064441169
Trkiye,2016,6.320898,28.0829597706854,869682881593.041,10970.0458948862,13.2,28.104803606928,27.491394478231296,9.302923736932922
Trkiye,2015,6.072318,27.8343492901217,864313810469.009,11049.9951100942,13.3,28.104803606928,27.485201746368283,9.310185264420388
Trkiye,2014,5.953333,28.1166611892662,938934609296.966,12165.220135038,11.5,27.9626002104908,27.568011675068412,9.406336350823564
Trkiye,2013,5.780814,27.6799921784829,957799120008.32,12578.1878632,13.8,27.8203968140535,27.587903906090997,9.439719470848168
Ukraine,2021,7.51776,23.1537142195647,199765859570.935,4827.845703125,8.9,16.7345529858474,26.020411815542065,8.482155622950517
Ukraine,2020,7.242939,20.7999429657705,156617722013.342,3751.7373046875,8.7,16.7241974456334,25.777073781490603,8.229974292932832
Ukraine,2019,7.557336,22.5804196823995,153883047509.577,3661.45776367188,7.4,16.7138419054194,25.75945871908967,8.205616643181795
Ukraine,2018,7.645412,23.2933329813033,130891088293.55,3096.5625,6.9,16.7034863652054,25.59763142728152,8.038047904253219
Ukraine,2017,7.239284,23.2888002154817,112090505081.739,2638.32543945313,6.5,16.6942862074918,25.442572463006723,7.877899691647503
Ukraine,2016,7.53021,23.1783620717483,93355869403.9223,2187.7275390625,5.5,16.6824906350878,25.259684580200453,7.69061863067943
Ukraine,2015,7.095339,21.7279577419459,91030967789.0717,2124.66259765625,4.2,16.6704068773844,25.234465590946936,7.661368291178494
Ukraine,2014,8.034623,22.8189915653958,133503871861.723,3104.65380859375,3.5,16.6327746033938,25.61739631707568,8.040657493334741
Ukraine,2013,9.032649,22.4302649907366,190498811460.028,4187.73974609375,3.5,16.594282952427,25.972911792438733,8.33991642729295
United Kingdom,2021,6.407776,16.6124289046044,3141506156618.7,46869.759058411,12.2,13.2214553796553,28.77572346855789,10.755127950267973
United Kingdom,2020,6.096565,17.3880191304612,2697806592293.86,40217.0090116986,13.6,13.1856322076634,28.62346018556039,10.60204529486517
United Kingdom,2019,6.785259,17.7588195822502,2851407164907.81,42662.5353740311,11.4,13.1525647914686,28.678833730431514,10.661076422374444
United Kingdom,2018,7.042464,17.9003988284183,2871340347581.79,43203.8141057739,10.2,13.1153639482495,28.685800056743492,10.673684059820422
United Kingdom,2017,7.220966,17.8050998760133,2680148052335.3,40572.1214823783,8.8,13.0781631050304,28.616893152334146,10.610836446733204
United Kingdom,2016,7.438291,17.5939989305323,2689106566899.61,40985.2351382417,7.7,13.0574959699087,28.620230123110407,10.620967162248707
United Kingdom,2015,7.892488,18.0941751184872,2927911140916.73,44964.3911437292,7.7,13.0409622618113,28.705310363519537,10.713626147585956
United Kingdom,2014,8.226887,18.2286951937006,3064708247921.43,47439.6165895125,6.6,12.9616004629438,28.75097349250591,10.767212951630357
United Kingdom,2013,8.923405,18.6217729028535,2784853502534.29,43426.2981405143,5.2,12.8822386640764,28.655216385602625,10.67882048451429
United States,2021,19.09526,17.6732044600603,23594031000000.0,71055.8761938303,10.9,33.8669264120375,30.7920148722407,11.171221835155764
United States,2020,18.17727,17.2929072243756,21322950000000.0,64317.398912504,11.0,33.8669264120375,30.69080507338409,11.071585463241979
United States,2019,20.1563,18.1611552318054,21521395000000.0,65548.0707847572,10.2,33.8669264120375,30.70006867254126,11.090539057557477
United States,2018,20.6672,18.5195461519261,20656516000000.0,63201.0458483771,9.9,33.8669264120375,30.65905193035599,11.054076128231843
United States,2017,20.18265,18.3087442284361,19612102000000.0,60322.2614241747,9.7,33.8669264120375,30.60716794060142,11.007456492432913
United States,2016,20.36214,17.9368724917791,18804913000000.0,58206.6141931844,9.3,33.8997225447175,30.565139281411003,10.971754273193323
United States,2015,21.00574,18.4967127664639,18295019000000.0,57040.2082136605,8.9,33.8997225447175,30.5376499529343,10.951511705391132
United States,2014,21.66715,19.2684337605714,17608138000000.0,55304.3155317137,9.0,33.8696594230942,30.499382297468657,10.920606223013746
United States,2013,21.64672,19.1988903588794,16880683000000.0,53409.7507774372,8.9,33.8395963014708,30.457191066363098,10.885748607107562
